{"cameraMode":{"drawMode":0,"name":"Shaded","section":"Shading Mode"},"sceneLighting":false,"audioPlay":false,"sceneViewState":{"m_AlwaysRefresh":false,"showFog":true,"showSkybox":false,"showFlares":true,"showImageEffects":true,"showParticleSystems":true,"showVisualEffectGraphs":true,"m_FxEnabled":true},"in2DMode":false,"pivot":{"x":-6.636337757110596,"y":1.1148228645324708,"z":0.4668874144554138},"rotation":{"x":0.2543129324913025,"y":0.17042189836502076,"z":-0.045631397515535358,"w":0.9509981274604797},"size":0.37110477685928347,"orthographic":false}