{"cameraMode":{"drawMode":0,"name":"Shaded","section":"Shading Mode"},"sceneLighting":true,"audioPlay":false,"sceneViewState":{"m_AlwaysRefresh":false,"showFog":true,"showSkybox":true,"showFlares":true,"showImageEffects":true,"showParticleSystems":true,"showVisualEffectGraphs":true,"m_FxEnabled":true},"in2DMode":false,"pivot":{"x":3.0672428607940676,"y":2.754960536956787,"z":-9.937115669250489},"rotation":{"x":0.059419065713882449,"y":0.5357711911201477,"z":-0.037834011018276218,"w":0.841422975063324},"size":0.266561895608902,"orthographic":false}