{"cameraMode":{"drawMode":0,"name":"Shaded","section":"Shading Mode"},"sceneLighting":false,"audioPlay":false,"sceneViewState":{"m_AlwaysRefresh":false,"showFog":true,"showSkybox":false,"showFlares":true,"showImageEffects":true,"showParticleSystems":true,"showVisualEffectGraphs":true,"m_FxEnabled":true},"in2DMode":false,"pivot":{"x":1.1912858486175538,"y":2.2115490436553957,"z":-13.548150062561036},"rotation":{"x":0.03222889453172684,"y":-0.9393932819366455,"z":0.09218647330999375,"w":0.3287229537963867},"size":0.3711048662662506,"orthographic":false}